{"Batch_loss": 10.017073631286621, "_timestamp": 1701253114.6195188, "_runtime": 4102.62867474556, "_step": 233, "Eval_Batch_loss": 10.015445709228516}