{"Batch_loss": 40.988914489746094, "_timestamp": 1701193850.3066134, "_runtime": 2808.3202533721924, "_step": 109, "train_loss": 41.631611029307045, "Eval_Batch_loss": 42.19268035888672}