{"Batch_loss": 4.573533535003662, "_timestamp": 1700816745.189227, "_runtime": 2118.4694550037384, "_step": 377, "train_loss": 7.398823142051697, "Eval_Batch_loss": 7.257260322570801, "_wandb": {"runtime": 1476}}