{"Batch_loss": 39.01008605957031, "_timestamp": 1701187816.8076077, "_runtime": 965.7708947658539, "_step": 109, "train_loss": 41.631611029307045, "Eval_Batch_loss": 40.538578033447266, "_wandb": {"runtime": 4183}}