{"Batch_loss": 42.003875732421875, "_timestamp": 1701182345.9839911, "_runtime": 968.226371049881, "_step": 109, "train_loss": 41.646770556767784, "Eval_Batch_loss": 41.548397064208984}