{"Batch_loss": 10.01977252960205, "_timestamp": 1701283666.4028077, "_runtime": 483.1329417228699, "_step": 107, "Eval_Batch_loss": 10.022132873535156}