{"Batch_loss": 10.009625434875488, "_timestamp": 1701282990.0119514, "_runtime": 626.7876424789429, "_step": 107, "Eval_Batch_loss": 10.010448455810547}