{"Batch_loss": 41.56914520263672, "_timestamp": 1701157856.9940076, "_runtime": 734.0683546066284, "_step": 109, "train_loss": 41.51428151130676, "Eval_Batch_loss": 39.055850982666016}