{"Batch_loss": 39.059486389160156, "_timestamp": 1701162592.4695754, "_runtime": 3922.1091504096985, "_step": 329, "train_loss": 42.350874265034996, "Eval_Batch_loss": 36.80770492553711}