{"Batch_loss": 39.883827209472656, "_timestamp": 1701107074.7775154, "_runtime": 1954.4863834381104, "_step": 109, "train_loss": 42.02901522318522, "Eval_Batch_loss": 38.79510498046875}