{"Batch_loss": 8.457069396972656, "epoch": 1, "_timestamp": 1700734320.8114216, "_runtime": 1647.7886905670166, "_step": 342, "train_loss": 7.839425684611003, "Eval_Batch_loss": 7.0778913497924805}