{"Batch_loss": 39.571407318115234, "_timestamp": 1701177749.1288316, "_runtime": 13656.653572559357, "_step": 1}