{"Batch_loss": 10.023504257202148, "_timestamp": 1701338970.6357217, "_runtime": 442.5338056087494, "_step": 95}