{"Batch_loss": 39.814205169677734, "_timestamp": 1701180513.5915885, "_runtime": 860.1999015808105, "_step": 97, "train_loss": 41.84176826477051, "_wandb": {"runtime": 1659}}